,correlation,p_value
5,0.999999711606127,0.0
3,0.9999993634140524,0.0
6,0.9999993634132329,0.0
8,0.41314984516584796,0.0
7,0.2855932796151851,0.0
0,0.21894778340338145,0.0
1,0.18270565731795044,0.0
2,0.12611144793075624,0.0
4,0.11914585775432786,0.0
